Workbook

Sheet Campaign Data
A1: Campaign_ID | B1: Campaign_Name | C1: Channel | D1: Start_Date | E1: End_Date | F1: Region | G1: Impressions | H1: Clicks | I1: Conversions | J1: Spend_INR | K1: Revenue_INR | L1: Leads_Generated | M1: CTR_Pct | N1: Conversion_Rate_Pct | O1: ROI_Pct | P1: CPL_INR | Q1: Cost_Per_Conversion_INR
A2: C301 | B2: FB Lookalike Audience | C2: Facebook | D2: 2024-03-15 | E2: 2024-03-28 | F2: Central | G2: 62417 | H2: 3592 | I2: 338 | J2: 102133.2 | K2: 236350.29 | L2: 646 | M2: =H2/G2*100 -> 5.7548424 | N2: =I2/H2*100 -> 9.4097996 | O2: =(K2-J2)/J2*100 -> 131.41377 | P2: =J2/L2 -> 158.10093 | Q2: =J2/I2 -> 302.16923
A3: C302 | B3: Micro-Influencer Pack | C3: Influencer | D3: 2024-06-20 | E3: 2024-07-01 | F3: North | G3: 111536 | H3: 6396 | I3: 905 | J3: 50918.66 | K3: 103097.93 | L3: 1281 | M3: =H3/G3*100 -> 5.7344714 | N3: =I3/H3*100 -> 14.149468 | O3: =(K3-J3)/J3*100 -> 102.47573 | P3: =J3/L3 -> 39.749149 | Q3: =J3/I3 -> 56.263713
A4: C303 | B4: Google Remarketing | C4: Google Ads | D4: 2024-05-31 | E4: 2024-06-26 | F4: South | G4: 45783 | H4: 1424 | I4: 203 | J4: 92371.41 | K4: 272383.06 | L4: 279 | M4: =H4/G4*100 -> 3.1103248 | N4: =I4/H4*100 -> 14.255618 | O4: =(K4-J4)/J4*100 -> 194.8781 | P4: =J4/L4 -> 331.08032 | Q4: =J4/I4 -> 455.03158
A5: C304 | B5: FB Brand Awareness | C5: Facebook | D5: 2024-08-24 | E5: 2024-09-08 | F5: North | G5: 32668 | H5: 1998 | I5: 308 | J5: 174506.82 | K5: 296280.82 | L5: 486 | M5: =H5/G5*100 -> 6.1160769 | N5: =I5/H5*100 -> 15.415415 | O5: =(K5-J5)/J5*100 -> 69.7818 | P5: =J5/L5 -> 359.06753 | Q5: =J5/I5 -> 566.58058
A6: C305 | B6: Micro-Influencer Pack | C6: Influencer | D6: 2024-10-20 | E6: 2024-10-27 | F6: West | G6: 74967 | H6: 3952 | I6: 655 | J6: 179987.19 | K6: 460960.65 | L6: 864 | M6: =H6/G6*100 -> 5.2716529 | N6: =I6/H6*100 -> 16.573887 | O6: =(K6-J6)/J6*100 -> 156.10748 | P6: =J6/L6 -> 208.31851 | Q6: =J6/I6 -> 274.7896
A7: C306 | B7: Google Search Q1 | C7: Google Ads | D7: 2024-12-22 | E7: 2025-01-01 | F7: West | G7: 133378 | H7: 12450 | I7: 1877 | J7: 93754.06 | K7: 197533.84 | L7: 3468 | M7: =H7/G7*100 -> 9.334373 | N7: =I7/H7*100 -> 15.076305 | O7: =(K7-J7)/J7*100 -> 110.69364 | P7: =J7/L7 -> 27.034043 | Q7: =J7/I7 -> 49.948887
A8: C307 | B8: Micro-Influencer Pack | C8: Influencer | D8: 2024-05-31 | E8: 2024-06-14 | F8: North | G8: 31781 | H8: 2410 | I8: 126 | J8: 150380.46 | K8: 509014.99 | L8: 164 | M8: =H8/G8*100 -> 7.5831472 | N8: =I8/H8*100 -> 5.2282158 | O8: =(K8-J8)/J8*100 -> 238.48479 | P8: =J8/L8 -> 916.95402 | Q8: =J8/I8 -> 1193.4957
A9: C308 | B9: Google Shopping Ads | C9: Google Ads | D9: 2024-08-20 | E9: 2024-09-10 | F9: South | G9: 185383 | H9: 9358 | I9: 1784 | J9: 173715.59 | K9: 507034.01 | L9: 2175 | M9: =H9/G9*100 -> 5.0479278 | N9: =I9/H9*100 -> 19.063903 | O9: =(K9-J9)/J9*100 -> 191.87594 | P9: =J9/L9 -> 79.869237 | Q9: =J9/I9 -> 97.37421
A10: C309 | B10: Micro-Influencer Pack | C10: Influencer | D10: 2024-12-19 | E10: 2025-01-05 | F10: Central | G10: 107103 | H10: 8855 | I10: 1689 | J10: 15252.28 | K10: 40308.75 | L10: 2546 | M10: =H10/G10*100 -> 8.2677423 | N10: =I10/H10*100 -> 19.07397 | O10: =(K10-J10)/J10*100 -> 164.28016 | P10: =J10/L10 -> 5.9906834 | Q10: =J10/I10 -> 9.0303612
A11: C310 | B11: Google Remarketing | C11: Google Ads | D11: 2024-12-16 | E11: 2024-12-25 | F11: Central | G11: 121647 | H11: 11591 | I11: 2197 | J11: 128312.73 | K11: 323736.55 | L11: 3000 | M11: =H11/G11*100 -> 9.5283895 | N11: =I11/H11*100 -> 18.954361 | O11: =(K11-J11)/J11*100 -> 152.30275 | P11: =J11/L11 -> 42.77091 | Q11: =J11/I11 -> 58.403609
A12: C311 | B12: Email Newsletter June | C12: Email | D12: 2024-11-12 | E12: 2024-11-20 | F12: East | G12: 144935 | H12: 16599 | I12: 3069 | J12: 179275.91 | K12: 260886.44 | L12: 4580 | M12: =H12/G12*100 -> 11.45272 | N12: =I12/H12*100 -> 18.489066 | O12: =(K12-J12)/J12*100 -> 45.522307 | P12: =J12/L12 -> 39.143212 | Q12: =J12/I12 -> 58.41509
A13: C312 | B13: Welcome Series | C13: Email | D13: 2024-05-02 | E13: 2024-05-26 | F13: North | G13: 179914 | H13: 13651 | I13: 865 | J13: 146227.37 | K13: 244322.39 | L13: 1717 | M13: =H13/G13*100 -> 7.587514 | N13: =I13/H13*100 -> 6.3365321 | O13: =(K13-J13)/J13*100 -> 67.083898 | P13: =J13/L13 -> 85.164455 | Q13: =J13/I13 -> 169.04898
... A201: C500 | B201: Welcome Series | C201: Email | D201: 2024-06-16 | E201: 2024-07-06 | F201: West | G201: 71089 | H201: 3491 | I201: 540 | J201: 99112.78 | K201: 202973.08 | L201: 652 | M201: =H201/G201*100 -> 4.9107457 | N201: =I201/H201*100 -> 15.468347 | O201: =(K201-J201)/J201*100 -> 104.79002 | P201: =J201/L201 -> 152.01347 | Q201: =J201/I201 -> 183.54219

Sheet KPI Dashboard
A1: Marketing Campaign Performance Dashboard
A3: Overall KPIs
A4: KPI | B4: Value
A5: Total Campaigns | B5: =COUNTA('Campaign Data'!A2:A201) -> 200
A6: Total Spend (₹) | B6: =SUM('Campaign Data'!J2:J201) -> 22017871
A7: Total Revenue (₹) | B7: =SUM('Campaign Data'!K2:K201) -> 51672976
A8: Overall ROI (%) | B8: =(SUM('Campaign Data'!K2:K201)-SUM('Campaign Data'!J2:J201))/SUM('Campaign Data'!J2:J201)*100 -> 134.68652
A9: Total Impressions | B9: =SUM('Campaign Data'!G2:G201) -> 20452102
A10: Total Clicks | B10: =SUM('Campaign Data'!H2:H201) -> 1477430
A11: Total Conversions | B11: =SUM('Campaign Data'!I2:I201) -> 219098
A12: Total Leads Generated | B12: =SUM('Campaign Data'!L2:L201) -> 350312
A13: Average CTR (%) | B13: =AVERAGE('Campaign Data'!M2:M201) -> 7.109582
A14: Average Conversion Rate (%) | B14: =AVERAGE('Campaign Data'!N2:N201) -> 14.69319
A15: Average CPL (₹) | B15: =AVERAGE('Campaign Data'!P2:P201) -> 171.64591
A16: Cost per Conversion (₹) | B16: =SUM('Campaign Data'!J2:J201)/SUM('Campaign Data'!I2:I201) -> 100.49326
A18: Channel Performance Comparison
A19: Channel | B19: Total Spend (₹) | C19: Total Revenue (₹) | D19: ROI (%) | E19: Avg CTR (%) | F19: Avg Conversion Rate (%) | G19: Total Leads
A20: Google Ads | B20: =SUMIF('Campaign Data'!C2:C201,"Google Ads",'Campaign Data'!J2:J201) -> 6299591.5 | C20: =SUMIF('Campaign Data'!C2:C201,"Google Ads",'Campaign Data'!K2:K201) -> 14788129 | D20: =(C20-B20)/B20*100 -> 134.74742 | E20: =AVERAGEIF('Campaign Data'!C2:C201,"Google Ads",'Campaign Data'!M2:M201) -> 6.4692985 | F20: =AVERAGEIF('Campaign Data'!C2:C201,"Google Ads",'Campaign Data'!N2:N201) -> 14.717772 | G20: =SUMIF('Campaign Data'!C2:C201,"Google Ads",'Campaign Data'!L2:L201) -> 95785
A21: Facebook | B21: =SUMIF('Campaign Data'!C2:C201,"Facebook",'Campaign Data'!J2:J201) -> 4917448.8 | C21: =SUMIF('Campaign Data'!C2:C201,"Facebook",'Campaign Data'!K2:K201) -> 10880283 | D21: =(C21-B21)/B21*100 -> 121.25869 | E21: =AVERAGEIF('Campaign Data'!C2:C201,"Facebook",'Campaign Data'!M2:M201) -> 7.4909922 | F21: =AVERAGEIF('Campaign Data'!C2:C201,"Facebook",'Campaign Data'!N2:N201) -> 15.118809 | G21: =SUMIF('Campaign Data'!C2:C201,"Facebook",'Campaign Data'!L2:L201) -> 76403
A22: Email | B22: =SUMIF('Campaign Data'!C2:C201,"Email",'Campaign Data'!J2:J201) -> 4820201.8 | C22: =SUMIF('Campaign Data'!C2:C201,"Email",'Campaign Data'!K2:K201) -> 11719029 | D22: =(C22-B22)/B22*100 -> 143.12321 | E22: =AVERAGEIF('Campaign Data'!C2:C201,"Email",'Campaign Data'!M2:M201) -> 7.3214406 | F22: =AVERAGEIF('Campaign Data'!C2:C201,"Email",'Campaign Data'!N2:N201) -> 14.988902 | G22: =SUMIF('Campaign Data'!C2:C201,"Email",'Campaign Data'!L2:L201) -> 82834
A23: Influencer | B23: =SUMIF('Campaign Data'!C2:C201,"Influencer",'Campaign Data'!J2:J201) -> 5980629.2 | C23: =SUMIF('Campaign Data'!C2:C201,"Influencer",'Campaign Data'!K2:K201) -> 14285535 | D23: =(C23-B23)/B23*100 -> 138.86342 | E23: =AVERAGEIF('Campaign Data'!C2:C201,"Influencer",'Campaign Data'!M2:M201) -> 7.3052865 | F23: =AVERAGEIF('Campaign Data'!C2:C201,"Influencer",'Campaign Data'!N2:N201) -> 14.126726 | G23: =SUMIF('Campaign Data'!C2:C201,"Influencer",'Campaign Data'!L2:L201) -> 95290
A25: Region Performance
A26: Region | B26: Total Spend (₹) | C26: Total Revenue (₹) | D26: ROI (%) | E26: Campaign Count
A27: North | B27: =SUMIF('Campaign Data'!F2:F201,"North",'Campaign Data'!J2:J201) -> 4847931 | C27: =SUMIF('Campaign Data'!F2:F201,"North",'Campaign Data'!K2:K201) -> 11605809 | D27: =(C27-B27)/B27*100 -> 139.39716 | E27: =COUNTIF('Campaign Data'!F2:F201,"North") -> 50
A28: South | B28: =SUMIF('Campaign Data'!F2:F201,"South",'Campaign Data'!J2:J201) -> 4622192.4 | C28: =SUMIF('Campaign Data'!F2:F201,"South",'Campaign Data'!K2:K201) -> 11424590 | D28: =(C28-B28)/B28*100 -> 147.16821 | E28: =COUNTIF('Campaign Data'!F2:F201,"South") -> 43
A29: East | B29: =SUMIF('Campaign Data'!F2:F201,"East",'Campaign Data'!J2:J201) -> 3160146.8 | C29: =SUMIF('Campaign Data'!F2:F201,"East",'Campaign Data'!K2:K201) -> 7050564.6 | D29: =(C29-B29)/B29*100 -> 123.10877 | E29: =COUNTIF('Campaign Data'!F2:F201,"East") -> 29
A30: West | B30: =SUMIF('Campaign Data'!F2:F201,"West",'Campaign Data'!J2:J201) -> 4800522 | C30: =SUMIF('Campaign Data'!F2:F201,"West",'Campaign Data'!K2:K201) -> 11378351 | D30: =(C30-B30)/B30*100 -> 137.02321 | E30: =COUNTIF('Campaign Data'!F2:F201,"West") -> 40
A31: Central | B31: =SUMIF('Campaign Data'!F2:F201,"Central",'Campaign Data'!J2:J201) -> 4587079.1 | C31: =SUMIF('Campaign Data'!F2:F201,"Central",'Campaign Data'!K2:K201) -> 10213660 | D31: =(C31-B31)/B31*100 -> 122.66153 | E31: =COUNTIF('Campaign Data'!F2:F201,"Central") -> 38
